file,class,method,constructor,line,cbo,wmc,rfc,loc,returnsQty,variablesQty,parametersQty,methodsInvokedQty,methodsInvokedLocalQty,methodsInvokedIndirectLocalQty,loopQty,comparisonsQty,tryCatchQty,parenthesizedExpsQty,stringLiteralsQty,numbersQty,assignmentsQty,mathOperationsQty,maxNestedBlocksQty,anonymousClassesQty,innerClassesQty,lambdasQty,uniqueWordsQty,modifiers,logStatementsQty,hasJavaDoc
/Users/armandosoaressousa/git/syspromocity/src/test/java/br/ufc/great/sysrepotd/SistemApplicationTests.java,br.ufc.great.sysrepotd.SistemApplicationTests,TestStatisticController/0,false,47,1,1,0,2,0,0,0,0,0,0,0,0,0,0,0,0,0,0,0,0,0,0,3,1,0,false
/Users/armandosoaressousa/git/syspromocity/src/test/java/br/ufc/great/sysrepotd/SistemApplicationTests.java,br.ufc.great.sysrepotd.SistemApplicationTests,TestCustomersService/0,false,17,1,1,0,2,0,0,0,0,0,0,0,0,0,0,0,0,0,0,0,0,0,0,3,1,0,false
/Users/armandosoaressousa/git/syspromocity/src/test/java/br/ufc/great/sysrepotd/SistemApplicationTests.java,br.ufc.great.sysrepotd.SistemApplicationTests,TestUsersService/0,false,22,1,1,0,2,0,0,0,0,0,0,0,0,0,0,0,0,0,0,0,0,0,0,3,1,0,false
/Users/armandosoaressousa/git/syspromocity/src/test/java/br/ufc/great/sysrepotd/SistemApplicationTests.java,br.ufc.great.sysrepotd.SistemApplicationTests,TestDashboardController/0,false,37,1,1,0,2,0,0,0,0,0,0,0,0,0,0,0,0,0,0,0,0,0,0,3,1,0,false
/Users/armandosoaressousa/git/syspromocity/src/test/java/br/ufc/great/sysrepotd/SistemApplicationTests.java,br.ufc.great.sysrepotd.SistemApplicationTests,TestUserController/0,false,52,1,1,0,2,0,0,0,0,0,0,0,0,0,0,0,0,0,0,0,0,0,0,3,1,0,false
/Users/armandosoaressousa/git/syspromocity/src/test/java/br/ufc/great/sysrepotd/SistemApplicationTests.java,br.ufc.great.sysrepotd.SistemApplicationTests,TestRepositorioController/0,false,42,1,1,0,2,0,0,0,0,0,0,0,0,0,0,0,0,0,0,0,0,0,0,3,1,0,false
/Users/armandosoaressousa/git/syspromocity/src/test/java/br/ufc/great/sysrepotd/SistemApplicationTests.java,br.ufc.great.sysrepotd.SistemApplicationTests,contextLoads/0,false,13,1,1,0,2,0,0,0,0,0,0,0,0,0,0,0,0,0,0,0,0,0,0,2,1,0,false
/Users/armandosoaressousa/git/syspromocity/src/test/java/br/ufc/great/sysrepotd/SistemApplicationTests.java,br.ufc.great.sysrepotd.SistemApplicationTests,TestAccessControlController/0,false,27,1,1,0,2,0,0,0,0,0,0,0,0,0,0,0,0,0,0,0,0,0,0,4,1,0,false
/Users/armandosoaressousa/git/syspromocity/src/test/java/br/ufc/great/sysrepotd/SistemApplicationTests.java,br.ufc.great.sysrepotd.SistemApplicationTests,TestCustomerController/0,false,32,1,1,0,2,0,0,0,0,0,0,0,0,0,0,0,0,0,0,0,0,0,0,3,1,0,false
/Users/armandosoaressousa/git/syspromocity/src/main/java/br/ufc/great/syspromocity/repository/UsersRepository.java,br.ufc.great.syspromocity.repository.UsersRepository,findByUsername/1[java.lang.String],false,15,1,1,0,1,0,0,1,0,0,0,0,0,0,0,0,0,0,0,0,0,0,0,5,0,0,false
/Users/armandosoaressousa/git/syspromocity/src/main/java/br/ufc/great/syspromocity/repository/MyStoresRepository.java,br.ufc.great.syspromocity.repository.MyStoresRepository,findByUser/1[br.ufc.great.syspromocity.model.Users],false,11,2,1,0,1,0,0,1,0,0,0,0,0,0,0,0,0,0,0,0,0,0,0,7,0,0,false
/Users/armandosoaressousa/git/syspromocity/src/main/java/br/ufc/great/syspromocity/repository/CouponsRepository.java,br.ufc.great.syspromocity.repository.CouponsRepository,findByDescription/1[java.lang.String],false,12,1,1,0,1,0,0,1,0,0,0,0,0,0,0,0,0,0,0,0,0,0,0,4,0,0,false
/Users/armandosoaressousa/git/syspromocity/src/main/java/br/ufc/great/syspromocity/SystemApplication.java,br.ufc.great.syspromocity.SystemApplication,main/1[java.lang.String[]],false,17,2,1,2,7,0,2,1,2,0,0,0,0,0,0,0,0,2,0,0,0,0,0,7,9,0,false
/Users/armandosoaressousa/git/syspromocity/src/main/java/br/ufc/great/syspromocity/util/GeradorSenha.java,br.ufc.great.syspromocity.util.GeradorSenha,"comparaSenhas/2[java.lang.String,java.lang.String]",false,29,0,1,1,3,1,0,2,1,0,0,0,0,0,0,0,0,0,0,0,0,0,0,14,1,0,true
/Users/armandosoaressousa/git/syspromocity/src/main/java/br/ufc/great/syspromocity/util/GeradorSenha.java,br.ufc.great.syspromocity.util.GeradorSenha,criptografa/1[java.lang.String],false,19,0,1,1,3,1,0,1,1,0,0,0,0,0,0,0,0,0,0,0,0,0,0,12,1,0,true
/Users/armandosoaressousa/git/syspromocity/src/main/java/br/ufc/great/syspromocity/util/GeradorQRCode.java,br.ufc.great.syspromocity.util.GeradorQRCode,"gerar/3[java.lang.String,java.lang.String,java.lang.String]",false,28,3,6,14,35,0,11,3,14,0,0,2,0,1,0,5,8,11,2,4,0,0,0,54,9,0,true
/Users/armandosoaressousa/git/syspromocity/src/main/java/br/ufc/great/syspromocity/util/ManipuladorDatas.java,br.ufc.great.syspromocity.util.ManipuladorDatas,getCurrentDataTime/1[java.lang.String],false,14,0,1,1,5,1,2,1,1,0,0,0,0,0,1,0,0,2,0,0,0,0,0,22,9,0,true
/Users/armandosoaressousa/git/syspromocity/src/main/java/br/ufc/great/syspromocity/security/WebSecurityConfig.java,br.ufc.great.syspromocity.security.WebSecurityConfig,configure/1[br.ufc.great.syspromocity.security.HttpSecurity],false,34,2,1,16,3,0,0,1,16,0,0,0,0,0,0,29,0,0,0,0,0,0,0,19,4,0,false
/Users/armandosoaressousa/git/syspromocity/src/main/java/br/ufc/great/syspromocity/security/WebSecurityConfig.java,br.ufc.great.syspromocity.security.WebSecurityConfig,configureGlobal/1[br.ufc.great.syspromocity.security.AuthenticationManagerBuilder],false,65,8,2,9,15,0,4,1,9,0,0,0,0,0,0,6,0,4,0,1,0,0,0,22,1,0,false
/Users/armandosoaressousa/git/syspromocity/src/main/java/br/ufc/great/syspromocity/controller/CustomerController.java,br.ufc.great.syspromocity.controller.CustomerController,setCustomerService/1[br.ufc.great.syspromocity.service.CustomersService],false,26,2,1,0,3,0,0,1,0,0,0,0,0,0,0,0,0,1,0,0,0,0,0,5,1,0,false
/Users/armandosoaressousa/git/syspromocity/src/main/java/br/ufc/great/syspromocity/controller/CustomerController.java,br.ufc.great.syspromocity.controller.CustomerController,"list/2[java.lang.Integer,br.ufc.great.syspromocity.controller.Model]",false,36,5,1,6,11,1,4,2,6,0,0,0,0,0,0,6,4,4,3,0,0,0,0,10,1,0,false
/Users/armandosoaressousa/git/syspromocity/src/main/java/br/ufc/great/syspromocity/controller/CustomerController.java,br.ufc.great.syspromocity.controller.CustomerController,index/0,false,31,1,1,0,3,1,0,0,0,0,0,0,0,0,0,2,0,0,0,0,0,0,0,3,1,0,false
/Users/armandosoaressousa/git/syspromocity/src/main/java/br/ufc/great/syspromocity/controller/CustomerController.java,br.ufc.great.syspromocity.controller.CustomerController,"edit/2[java.lang.Long,br.ufc.great.syspromocity.controller.Model]",false,61,4,1,2,4,1,0,2,2,0,0,0,0,0,0,3,0,0,0,0,0,0,0,5,1,0,false
/Users/armandosoaressousa/git/syspromocity/src/main/java/br/ufc/great/syspromocity/controller/CustomerController.java,br.ufc.great.syspromocity.controller.CustomerController,"save/2[br.ufc.great.syspromocity.model.Customers,br.ufc.great.syspromocity.controller.RedirectAttributes]",false,69,4,1,2,5,1,1,2,2,0,0,0,0,0,0,4,0,1,0,0,0,0,0,11,1,0,false
/Users/armandosoaressousa/git/syspromocity/src/main/java/br/ufc/great/syspromocity/controller/CustomerController.java,br.ufc.great.syspromocity.controller.CustomerController,delete/1[java.lang.Long],false,78,3,1,1,4,1,0,1,1,0,0,0,0,0,0,2,0,0,0,0,0,0,0,4,1,0,false
/Users/armandosoaressousa/git/syspromocity/src/main/java/br/ufc/great/syspromocity/controller/CustomerController.java,br.ufc.great.syspromocity.controller.CustomerController,add/1[br.ufc.great.syspromocity.controller.Model],false,53,3,1,1,4,1,0,1,1,0,0,0,0,0,0,3,0,0,0,0,0,0,0,5,1,0,false
/Users/armandosoaressousa/git/syspromocity/src/main/java/br/ufc/great/syspromocity/controller/DashboardController.java,br.ufc.great.syspromocity.controller.DashboardController,setUserService/1[br.ufc.great.syspromocity.service.UsersService],false,44,2,1,0,3,0,0,1,0,0,0,0,0,0,0,0,0,1,0,0,0,0,0,5,1,0,false
/Users/armandosoaressousa/git/syspromocity/src/main/java/br/ufc/great/syspromocity/controller/DashboardController.java,br.ufc.great.syspromocity.controller.DashboardController,setCouponService/1[br.ufc.great.syspromocity.service.CouponsService],false,49,2,1,0,3,0,0,1,0,0,0,0,0,0,0,0,0,1,0,0,0,0,0,5,1,0,false
/Users/armandosoaressousa/git/syspromocity/src/main/java/br/ufc/great/syspromocity/controller/DashboardController.java,br.ufc.great.syspromocity.controller.DashboardController,"indexStoreOwner/2[br.ufc.great.syspromocity.controller.Model,java.security.Principal]",false,159,8,2,10,19,1,4,2,10,1,2,0,1,0,0,7,1,8,0,1,0,0,0,24,1,0,true
/Users/armandosoaressousa/git/syspromocity/src/main/java/br/ufc/great/syspromocity/controller/DashboardController.java,br.ufc.great.syspromocity.controller.DashboardController,checkAccessControl/0,false,206,1,2,1,8,0,0,0,1,1,1,0,0,0,0,3,0,2,0,1,0,0,0,12,2,0,true
/Users/armandosoaressousa/git/syspromocity/src/main/java/br/ufc/great/syspromocity/controller/DashboardController.java,br.ufc.great.syspromocity.controller.DashboardController,"index/2[br.ufc.great.syspromocity.controller.Model,java.security.Principal]",false,75,3,9,1,16,4,1,2,1,1,1,0,0,0,0,17,0,4,6,1,0,0,0,17,1,0,true
/Users/armandosoaressousa/git/syspromocity/src/main/java/br/ufc/great/syspromocity/controller/DashboardController.java,br.ufc.great.syspromocity.controller.DashboardController,"indexAdmin/2[br.ufc.great.syspromocity.controller.Model,java.security.Principal]",false,101,6,1,11,22,1,5,2,11,1,2,0,0,0,0,10,4,10,0,0,0,0,0,22,1,0,true
/Users/armandosoaressousa/git/syspromocity/src/main/java/br/ufc/great/syspromocity/controller/DashboardController.java,br.ufc.great.syspromocity.controller.DashboardController,setPromotionService/1[br.ufc.great.syspromocity.service.PromotionsService],false,54,2,1,0,3,0,0,1,0,0,0,0,0,0,0,0,0,1,0,0,0,0,0,5,1,0,false
/Users/armandosoaressousa/git/syspromocity/src/main/java/br/ufc/great/syspromocity/controller/DashboardController.java,br.ufc.great.syspromocity.controller.DashboardController,"indexUser/2[br.ufc.great.syspromocity.controller.Model,java.security.Principal]",false,136,6,1,8,12,1,2,2,8,1,2,0,0,0,0,7,0,3,0,0,0,0,0,17,1,0,true
/Users/armandosoaressousa/git/syspromocity/src/main/java/br/ufc/great/syspromocity/controller/DashboardController.java,br.ufc.great.syspromocity.controller.DashboardController,setStoreService/1[br.ufc.great.syspromocity.service.StoresService],false,59,2,1,0,3,0,0,1,0,0,0,0,0,0,0,0,0,1,0,0,0,0,0,5,1,0,false
/Users/armandosoaressousa/git/syspromocity/src/main/java/br/ufc/great/syspromocity/controller/DashboardController.java,br.ufc.great.syspromocity.controller.DashboardController,setMyStoresService/1[br.ufc.great.syspromocity.service.MyStoresService],false,64,2,1,0,3,0,0,1,0,0,0,0,0,0,0,0,0,1,0,0,0,0,0,5,1,0,false
/Users/armandosoaressousa/git/syspromocity/src/main/java/br/ufc/great/syspromocity/controller/DashboardController.java,br.ufc.great.syspromocity.controller.DashboardController,hasRole/1[java.lang.String],false,189,1,3,5,11,1,2,1,5,0,0,1,0,0,0,0,0,3,0,2,0,0,0,19,2,0,true
/Users/armandosoaressousa/git/syspromocity/src/main/java/br/ufc/great/syspromocity/controller/StoreController.java,br.ufc.great.syspromocity.controller.StoreController,"save/2[br.ufc.great.syspromocity.model.Store,br.ufc.great.syspromocity.controller.RedirectAttributes]",false,148,4,1,3,6,1,1,2,3,0,0,0,0,0,0,4,0,1,0,0,0,0,0,15,1,0,true
/Users/armandosoaressousa/git/syspromocity/src/main/java/br/ufc/great/syspromocity/controller/StoreController.java,br.ufc.great.syspromocity.controller.StoreController,"deleteStoreOfUser/2[java.lang.Long,java.lang.Long]",false,442,3,1,1,5,1,1,2,1,0,0,0,0,0,0,5,0,1,2,0,0,0,0,13,1,0,true
/Users/armandosoaressousa/git/syspromocity/src/main/java/br/ufc/great/syspromocity/controller/StoreController.java,br.ufc.great.syspromocity.controller.StoreController,"deletePromotion/3[java.lang.Integer,java.lang.Integer,br.ufc.great.syspromocity.controller.RedirectAttributes]",false,315,6,3,7,12,1,2,3,7,0,0,1,1,0,0,7,0,2,1,2,0,0,0,23,1,0,true
/Users/armandosoaressousa/git/syspromocity/src/main/java/br/ufc/great/syspromocity/controller/StoreController.java,br.ufc.great.syspromocity.controller.StoreController,"savePromotion/3[java.lang.Integer,br.ufc.great.syspromocity.model.Promotion,br.ufc.great.syspromocity.controller.RedirectAttributes]",false,166,6,1,6,7,1,2,3,6,0,0,0,0,0,0,5,0,2,0,0,0,0,0,22,1,0,true
/Users/armandosoaressousa/git/syspromocity/src/main/java/br/ufc/great/syspromocity/controller/StoreController.java,br.ufc.great.syspromocity.controller.StoreController,"editPromotion/3[java.lang.Long,java.lang.Long,br.ufc.great.syspromocity.controller.Model]",false,244,9,3,16,25,1,2,3,16,1,1,1,1,0,0,10,0,3,0,2,0,0,0,24,1,0,true
/Users/armandosoaressousa/git/syspromocity/src/main/java/br/ufc/great/syspromocity/controller/StoreController.java,br.ufc.great.syspromocity.controller.StoreController,index/1[br.ufc.great.syspromocity.controller.Model],false,63,6,1,6,9,1,1,1,6,1,1,0,0,0,0,6,0,1,0,0,0,0,0,12,1,0,true
/Users/armandosoaressousa/git/syspromocity/src/main/java/br/ufc/great/syspromocity/controller/StoreController.java,br.ufc.great.syspromocity.controller.StoreController,add/1[br.ufc.great.syspromocity.controller.Model],false,107,5,1,5,9,1,0,1,5,1,1,0,0,0,0,6,0,1,0,0,0,0,0,12,1,0,true
/Users/armandosoaressousa/git/syspromocity/src/main/java/br/ufc/great/syspromocity/controller/StoreController.java,br.ufc.great.syspromocity.controller.StoreController,delete/1[java.lang.Long],false,182,3,1,1,4,1,0,1,1,0,0,0,0,0,0,3,0,0,0,0,0,0,0,8,1,0,true
/Users/armandosoaressousa/git/syspromocity/src/main/java/br/ufc/great/syspromocity/controller/StoreController.java,br.ufc.great.syspromocity.controller.StoreController,"listPromotionsStoreOfUser/3[java.lang.Long,java.lang.Long,br.ufc.great.syspromocity.controller.Model]",false,457,8,1,8,11,1,1,3,8,1,1,0,0,0,0,9,0,2,0,0,0,0,0,20,1,0,true
/Users/armandosoaressousa/git/syspromocity/src/main/java/br/ufc/great/syspromocity/controller/StoreController.java,br.ufc.great.syspromocity.controller.StoreController,"saveEditedPromotion/5[java.lang.Integer,java.lang.Integer,java.lang.Integer,br.ufc.great.syspromocity.model.Promotion,br.ufc.great.syspromocity.controller.RedirectAttributes]",false,522,6,3,8,13,1,2,5,8,0,0,1,1,0,0,8,0,2,1,2,0,0,0,32,1,0,true
/Users/armandosoaressousa/git/syspromocity/src/main/java/br/ufc/great/syspromocity/controller/StoreController.java,br.ufc.great.syspromocity.controller.StoreController,"edit/2[java.lang.Long,br.ufc.great.syspromocity.controller.Model]",false,127,7,1,7,9,1,0,2,7,1,1,0,0,0,0,6,0,1,0,0,0,0,0,11,1,0,true
/Users/armandosoaressousa/git/syspromocity/src/main/java/br/ufc/great/syspromocity/controller/StoreController.java,br.ufc.great.syspromocity.controller.StoreController,"listPromotions/2[java.lang.Long,br.ufc.great.syspromocity.controller.Model]",false,194,8,1,8,11,1,1,2,8,1,1,0,0,0,0,8,0,2,0,0,0,0,0,16,1,0,true
/Users/armandosoaressousa/git/syspromocity/src/main/java/br/ufc/great/syspromocity/controller/StoreController.java,br.ufc.great.syspromocity.controller.StoreController,setUserService/1[br.ufc.great.syspromocity.service.UsersService],false,43,2,1,0,3,0,0,1,0,0,0,0,0,0,0,0,0,1,0,0,0,0,0,5,1,0,false
/Users/armandosoaressousa/git/syspromocity/src/main/java/br/ufc/great/syspromocity/controller/StoreController.java,br.ufc.great.syspromocity.controller.StoreController,"addPromotionStoreOfUser/3[java.lang.Integer,java.lang.Integer,br.ufc.great.syspromocity.controller.Model]",false,479,7,1,5,11,1,1,3,5,1,1,0,0,0,0,9,0,2,0,0,0,0,0,20,1,0,true
/Users/armandosoaressousa/git/syspromocity/src/main/java/br/ufc/great/syspromocity/controller/StoreController.java,br.ufc.great.syspromocity.controller.StoreController,"addPromotion/2[java.lang.Integer,br.ufc.great.syspromocity.controller.Model]",false,216,7,1,5,11,1,1,2,5,1,1,0,0,0,0,8,0,2,0,0,0,0,0,17,1,0,true
/Users/armandosoaressousa/git/syspromocity/src/main/java/br/ufc/great/syspromocity/controller/StoreController.java,br.ufc.great.syspromocity.controller.StoreController,setMyStoresService/1[br.ufc.great.syspromocity.service.MyStoresService],false,48,2,1,0,3,0,0,1,0,0,0,0,0,0,0,0,0,1,0,0,0,0,0,5,1,0,false
/Users/armandosoaressousa/git/syspromocity/src/main/java/br/ufc/great/syspromocity/controller/StoreController.java,br.ufc.great.syspromocity.controller.StoreController,"savePromotion/4[java.lang.Integer,java.lang.Integer,br.ufc.great.syspromocity.model.Promotion,br.ufc.great.syspromocity.controller.RedirectAttributes]",false,285,6,3,8,13,1,2,4,8,0,0,1,1,0,0,7,0,2,1,2,0,0,0,24,1,0,true
/Users/armandosoaressousa/git/syspromocity/src/main/java/br/ufc/great/syspromocity/controller/StoreController.java,br.ufc.great.syspromocity.controller.StoreController,showFormNewUsersStore/1[br.ufc.great.syspromocity.controller.Model],false,340,5,1,5,9,1,0,1,5,1,1,0,0,0,0,6,0,1,0,0,0,0,0,18,1,0,true
/Users/armandosoaressousa/git/syspromocity/src/main/java/br/ufc/great/syspromocity/controller/StoreController.java,br.ufc.great.syspromocity.controller.StoreController,"saveNewPromotionStoreOfUser/4[java.lang.Integer,java.lang.Integer,br.ufc.great.syspromocity.model.Promotion,br.ufc.great.syspromocity.controller.RedirectAttributes]",false,502,6,1,6,7,1,2,4,6,0,0,0,0,0,0,7,0,2,1,0,0,0,0,26,1,0,true
/Users/armandosoaressousa/git/syspromocity/src/main/java/br/ufc/great/syspromocity/controller/StoreController.java,br.ufc.great.syspromocity.controller.StoreController,"StoresOfUser/2[br.ufc.great.syspromocity.controller.Model,java.lang.Long]",false,381,9,2,8,15,1,3,2,8,1,1,0,1,0,0,7,0,5,0,1,0,0,0,17,1,0,false
/Users/armandosoaressousa/git/syspromocity/src/main/java/br/ufc/great/syspromocity/controller/StoreController.java,br.ufc.great.syspromocity.controller.StoreController,"list/2[java.lang.Integer,br.ufc.great.syspromocity.controller.Model]",false,82,7,1,10,15,1,4,2,10,1,1,0,0,0,0,9,4,4,3,0,0,0,0,19,1,0,true
/Users/armandosoaressousa/git/syspromocity/src/main/java/br/ufc/great/syspromocity/controller/StoreController.java,br.ufc.great.syspromocity.controller.StoreController,"saveNewUsersStore/2[br.ufc.great.syspromocity.model.Store,br.ufc.great.syspromocity.controller.RedirectAttributes]",false,354,8,2,9,15,1,3,2,9,1,1,0,1,0,0,5,0,4,2,1,0,0,0,23,1,0,false
/Users/armandosoaressousa/git/syspromocity/src/main/java/br/ufc/great/syspromocity/controller/StoreController.java,br.ufc.great.syspromocity.controller.StoreController,setStoreService/1[br.ufc.great.syspromocity.service.StoresService],false,38,2,1,0,3,0,0,1,0,0,0,0,0,0,0,0,0,1,0,0,0,0,0,5,1,0,false
/Users/armandosoaressousa/git/syspromocity/src/main/java/br/ufc/great/syspromocity/controller/StoreController.java,br.ufc.great.syspromocity.controller.StoreController,checkUser/0,false,52,2,1,5,4,0,1,0,5,0,0,0,0,0,0,0,0,2,0,0,0,0,0,4,2,0,false
/Users/armandosoaressousa/git/syspromocity/src/main/java/br/ufc/great/syspromocity/controller/StoreController.java,br.ufc.great.syspromocity.controller.StoreController,"editUserStore/3[java.lang.Long,java.lang.Long,br.ufc.great.syspromocity.controller.Model]",false,408,7,1,7,9,1,0,3,7,1,1,0,0,0,0,6,0,1,0,0,0,0,0,15,1,0,true
/Users/armandosoaressousa/git/syspromocity/src/main/java/br/ufc/great/syspromocity/controller/StoreController.java,br.ufc.great.syspromocity.controller.StoreController,"saveEditedUsersStore/2[br.ufc.great.syspromocity.model.Store,br.ufc.great.syspromocity.controller.RedirectAttributes]",false,423,6,1,5,8,1,2,2,5,1,1,0,0,0,0,5,0,2,2,0,0,0,0,18,1,0,false
/Users/armandosoaressousa/git/syspromocity/src/main/java/br/ufc/great/syspromocity/controller/FileUploadController.java,br.ufc.great.syspromocity.controller.FileUploadController,UploadPage/1[br.ufc.great.syspromocity.controller.Model],false,42,2,1,0,3,1,0,1,0,0,0,0,0,0,0,2,0,0,0,0,0,0,0,4,1,0,false
/Users/armandosoaressousa/git/syspromocity/src/main/java/br/ufc/great/syspromocity/controller/FileUploadController.java,br.ufc.great.syspromocity.controller.FileUploadController,getUserImage/1[java.lang.String],false,96,5,2,5,11,2,3,1,5,0,0,0,0,0,0,4,1,3,2,1,0,0,0,17,1,0,false
/Users/armandosoaressousa/git/syspromocity/src/main/java/br/ufc/great/syspromocity/controller/FileUploadController.java,br.ufc.great.syspromocity.controller.FileUploadController,getImage/1[java.lang.String],false,113,5,1,4,5,1,2,1,4,0,0,0,0,0,0,3,0,2,1,0,0,0,0,13,1,0,false
/Users/armandosoaressousa/git/syspromocity/src/main/java/br/ufc/great/syspromocity/controller/FileUploadController.java,br.ufc.great.syspromocity.controller.FileUploadController,"upload/3[java.lang.Long,br.ufc.great.syspromocity.controller.Model,br.ufc.great.syspromocity.controller.MultipartFile[]]",false,65,9,3,15,25,1,5,3,15,1,1,1,0,1,0,15,0,5,3,2,0,0,0,28,1,0,false
/Users/armandosoaressousa/git/syspromocity/src/main/java/br/ufc/great/syspromocity/controller/FileUploadController.java,br.ufc.great.syspromocity.controller.FileUploadController,getQRCodeImage/1[java.lang.String],false,122,5,2,5,11,2,3,1,5,0,0,0,0,0,0,4,1,3,2,1,0,0,0,18,1,0,false
/Users/armandosoaressousa/git/syspromocity/src/main/java/br/ufc/great/syspromocity/controller/FileUploadController.java,br.ufc.great.syspromocity.controller.FileUploadController,setUserService/1[br.ufc.great.syspromocity.service.UsersService],false,32,2,1,0,3,0,0,1,0,0,0,0,0,0,0,0,0,1,0,0,0,0,0,6,1,0,false
/Users/armandosoaressousa/git/syspromocity/src/main/java/br/ufc/great/syspromocity/controller/FileUploadController.java,br.ufc.great.syspromocity.controller.FileUploadController,checkUser/0,false,36,2,1,5,4,0,1,0,5,0,0,0,0,0,0,0,0,2,0,0,0,0,0,4,2,0,false
/Users/armandosoaressousa/git/syspromocity/src/main/java/br/ufc/great/syspromocity/controller/FileUploadController.java,br.ufc.great.syspromocity.controller.FileUploadController,viewFile/0,false,138,1,1,0,3,1,0,0,0,0,0,0,0,0,0,2,0,0,0,0,0,0,0,3,1,0,false
/Users/armandosoaressousa/git/syspromocity/src/main/java/br/ufc/great/syspromocity/controller/FileUploadController.java,br.ufc.great.syspromocity.controller.FileUploadController,"renameFile/2[java.io.File,java.lang.String]",false,46,0,3,2,11,2,2,2,2,0,0,0,0,0,0,1,0,2,0,1,0,0,0,11,1,0,false
/Users/armandosoaressousa/git/syspromocity/src/main/java/br/ufc/great/syspromocity/controller/CouponController.java,br.ufc.great.syspromocity.controller.CouponController,index/0,false,70,1,1,0,3,1,0,0,0,0,0,0,0,0,0,2,0,0,0,0,0,0,0,10,1,0,true
/Users/armandosoaressousa/git/syspromocity/src/main/java/br/ufc/great/syspromocity/controller/CouponController.java,br.ufc.great.syspromocity.controller.CouponController,"save/2[br.ufc.great.syspromocity.model.Coupon,br.ufc.great.syspromocity.controller.RedirectAttributes]",false,148,4,1,2,5,1,1,2,2,0,0,0,0,0,0,4,0,1,0,0,0,0,0,15,1,0,true
/Users/armandosoaressousa/git/syspromocity/src/main/java/br/ufc/great/syspromocity/controller/CouponController.java,br.ufc.great.syspromocity.controller.CouponController,add/1[br.ufc.great.syspromocity.controller.Model],false,108,5,1,5,8,1,0,1,5,1,1,0,0,0,0,6,0,0,0,0,0,0,0,11,1,0,true
/Users/armandosoaressousa/git/syspromocity/src/main/java/br/ufc/great/syspromocity/controller/CouponController.java,br.ufc.great.syspromocity.controller.CouponController,"list/2[java.lang.Integer,br.ufc.great.syspromocity.controller.Model]",false,81,7,1,10,15,1,4,2,10,1,1,0,0,0,0,9,4,4,3,0,0,0,0,18,1,0,true
/Users/armandosoaressousa/git/syspromocity/src/main/java/br/ufc/great/syspromocity/controller/CouponController.java,br.ufc.great.syspromocity.controller.CouponController,"edit/2[java.lang.Long,br.ufc.great.syspromocity.controller.Model]",false,128,7,1,7,9,1,0,2,7,1,1,0,0,0,0,7,0,0,0,0,0,0,0,11,1,0,true
/Users/armandosoaressousa/git/syspromocity/src/main/java/br/ufc/great/syspromocity/controller/CouponController.java,br.ufc.great.syspromocity.controller.CouponController,checkUser/0,false,41,2,1,5,4,0,1,0,5,0,0,0,0,0,0,0,0,2,0,0,0,0,0,8,2,0,true
/Users/armandosoaressousa/git/syspromocity/src/main/java/br/ufc/great/syspromocity/controller/CouponController.java,br.ufc.great.syspromocity.controller.CouponController,setCouponService/1[br.ufc.great.syspromocity.service.CouponsService],false,29,2,1,0,3,0,0,1,0,0,0,0,0,0,0,0,0,1,0,0,0,0,0,5,1,0,false
/Users/armandosoaressousa/git/syspromocity/src/main/java/br/ufc/great/syspromocity/controller/CouponController.java,br.ufc.great.syspromocity.controller.CouponController,setUserService/1[br.ufc.great.syspromocity.service.UsersService],false,34,2,1,0,3,0,0,1,0,0,0,0,0,0,0,0,0,1,0,0,0,0,0,5,1,0,false
/Users/armandosoaressousa/git/syspromocity/src/main/java/br/ufc/great/syspromocity/controller/CouponController.java,br.ufc.great.syspromocity.controller.CouponController,all/1[br.ufc.great.syspromocity.controller.Model],false,52,6,1,6,9,1,1,1,6,1,1,0,0,0,0,6,0,1,0,0,0,0,0,12,1,0,true
/Users/armandosoaressousa/git/syspromocity/src/main/java/br/ufc/great/syspromocity/controller/CouponController.java,br.ufc.great.syspromocity.controller.CouponController,delete/1[java.lang.Long],false,161,3,1,1,4,1,0,1,1,0,0,0,0,0,0,2,0,0,0,0,0,0,0,8,1,0,true
/Users/armandosoaressousa/git/syspromocity/src/main/java/br/ufc/great/syspromocity/controller/PromotionController.java,br.ufc.great.syspromocity.controller.PromotionController,"save/2[br.ufc.great.syspromocity.model.Promotion,br.ufc.great.syspromocity.controller.RedirectAttributes]",false,151,4,1,3,6,1,1,2,3,0,0,0,0,0,0,4,0,1,0,0,0,0,0,16,1,0,true
/Users/armandosoaressousa/git/syspromocity/src/main/java/br/ufc/great/syspromocity/controller/PromotionController.java,br.ufc.great.syspromocity.controller.PromotionController,setUserService/1[br.ufc.great.syspromocity.service.UsersService],false,42,2,1,0,3,0,0,1,0,0,0,0,0,0,0,0,0,1,0,0,0,0,0,5,1,0,false
/Users/armandosoaressousa/git/syspromocity/src/main/java/br/ufc/great/syspromocity/controller/PromotionController.java,br.ufc.great.syspromocity.controller.PromotionController,checkUser/0,false,46,2,1,5,4,0,1,0,5,0,0,0,0,0,0,0,0,2,0,0,0,0,0,4,2,0,false
/Users/armandosoaressousa/git/syspromocity/src/main/java/br/ufc/great/syspromocity/controller/PromotionController.java,br.ufc.great.syspromocity.controller.PromotionController,"saveCoupon/4[java.lang.Integer,java.lang.Integer,br.ufc.great.syspromocity.model.Coupon,br.ufc.great.syspromocity.controller.RedirectAttributes]",false,303,6,3,8,13,1,2,4,8,0,0,1,1,0,0,7,0,2,1,2,0,0,0,33,1,0,true
/Users/armandosoaressousa/git/syspromocity/src/main/java/br/ufc/great/syspromocity/controller/PromotionController.java,br.ufc.great.syspromocity.controller.PromotionController,index/1[br.ufc.great.syspromocity.controller.Model],false,57,6,1,6,9,1,1,1,6,1,1,0,0,0,0,6,0,1,0,0,0,0,0,11,1,0,true
/Users/armandosoaressousa/git/syspromocity/src/main/java/br/ufc/great/syspromocity/controller/PromotionController.java,br.ufc.great.syspromocity.controller.PromotionController,delete/1[java.lang.Long],false,165,3,1,1,4,1,0,1,1,0,0,0,0,0,0,2,0,0,0,0,0,0,0,7,1,0,true
/Users/armandosoaressousa/git/syspromocity/src/main/java/br/ufc/great/syspromocity/controller/PromotionController.java,br.ufc.great.syspromocity.controller.PromotionController,"addCoupon/2[java.lang.Integer,br.ufc.great.syspromocity.controller.Model]",false,200,8,1,8,13,1,3,2,8,1,1,0,0,0,0,10,0,3,1,0,0,0,0,34,1,0,true
/Users/armandosoaressousa/git/syspromocity/src/main/java/br/ufc/great/syspromocity/controller/PromotionController.java,br.ufc.great.syspromocity.controller.PromotionController,add/1[br.ufc.great.syspromocity.controller.Model],false,104,6,1,5,10,1,1,1,5,1,1,0,0,0,0,6,0,2,0,0,0,0,0,12,1,0,true
/Users/armandosoaressousa/git/syspromocity/src/main/java/br/ufc/great/syspromocity/controller/PromotionController.java,br.ufc.great.syspromocity.controller.PromotionController,"list/2[java.lang.Integer,br.ufc.great.syspromocity.controller.Model]",false,77,7,1,10,15,1,4,2,10,1,1,0,0,0,0,9,4,4,3,0,0,0,0,15,1,0,true
/Users/armandosoaressousa/git/syspromocity/src/main/java/br/ufc/great/syspromocity/controller/PromotionController.java,br.ufc.great.syspromocity.controller.PromotionController,"editCoupon/3[java.lang.Long,java.lang.Long,br.ufc.great.syspromocity.controller.Model]",false,258,9,3,16,24,1,2,3,16,1,1,1,1,0,0,10,0,3,0,2,0,0,0,25,1,0,true
/Users/armandosoaressousa/git/syspromocity/src/main/java/br/ufc/great/syspromocity/controller/PromotionController.java,br.ufc.great.syspromocity.controller.PromotionController,"deleteCoupon/3[java.lang.Integer,java.lang.Integer,br.ufc.great.syspromocity.controller.RedirectAttributes]",false,333,6,3,7,12,1,2,3,7,0,0,1,1,0,0,6,0,2,0,2,0,0,0,25,1,0,true
/Users/armandosoaressousa/git/syspromocity/src/main/java/br/ufc/great/syspromocity/controller/PromotionController.java,br.ufc.great.syspromocity.controller.PromotionController,"listCoupons/2[java.lang.Long,br.ufc.great.syspromocity.controller.Model]",false,178,8,1,8,10,1,1,2,8,1,1,0,0,0,0,8,0,1,0,0,0,0,0,15,1,0,true
/Users/armandosoaressousa/git/syspromocity/src/main/java/br/ufc/great/syspromocity/controller/PromotionController.java,br.ufc.great.syspromocity.controller.PromotionController,"edit/2[java.lang.Long,br.ufc.great.syspromocity.controller.Model]",false,126,8,1,8,12,1,1,2,8,1,1,0,0,0,0,8,0,2,0,0,0,0,0,12,1,0,true
/Users/armandosoaressousa/git/syspromocity/src/main/java/br/ufc/great/syspromocity/controller/PromotionController.java,br.ufc.great.syspromocity.controller.PromotionController,"save/3[java.lang.Integer,br.ufc.great.syspromocity.model.Coupon,br.ufc.great.syspromocity.controller.RedirectAttributes]",false,228,8,1,12,12,1,6,3,12,0,0,0,0,0,0,7,1,6,3,0,0,0,0,33,1,0,true
/Users/armandosoaressousa/git/syspromocity/src/main/java/br/ufc/great/syspromocity/controller/PromotionController.java,br.ufc.great.syspromocity.controller.PromotionController,setpromotionService/1[br.ufc.great.syspromocity.service.PromotionsService],false,37,2,1,0,3,0,0,1,0,0,0,0,0,0,0,0,0,1,0,0,0,0,0,4,1,0,false
/Users/armandosoaressousa/git/syspromocity/src/main/java/br/ufc/great/syspromocity/controller/AccessControlController.java,br.ufc.great.syspromocity.controller.AccessControlController,add/1[br.ufc.great.syspromocity.controller.Model],false,75,4,1,4,7,1,0,1,4,0,0,0,0,0,0,6,0,0,0,0,0,0,0,11,1,0,true
/Users/armandosoaressousa/git/syspromocity/src/main/java/br/ufc/great/syspromocity/controller/AccessControlController.java,br.ufc.great.syspromocity.controller.AccessControlController,"save/3[br.ufc.great.syspromocity.model.Authorities,java.lang.String,br.ufc.great.syspromocity.controller.RedirectAttributes]",false,114,5,1,3,6,1,1,3,3,0,0,0,0,0,0,5,0,1,0,0,0,0,0,15,1,0,true
/Users/armandosoaressousa/git/syspromocity/src/main/java/br/ufc/great/syspromocity/controller/AccessControlController.java,br.ufc.great.syspromocity.controller.AccessControlController,setUserService/1[br.ufc.great.syspromocity.service.UsersService],false,42,2,1,0,3,0,0,1,0,0,0,0,0,0,0,0,0,1,0,0,0,0,0,5,1,0,false
/Users/armandosoaressousa/git/syspromocity/src/main/java/br/ufc/great/syspromocity/controller/AccessControlController.java,br.ufc.great.syspromocity.controller.AccessControlController,checkUser/0,false,46,2,1,5,4,0,1,0,5,0,0,0,0,0,0,0,0,2,0,0,0,0,0,4,2,0,false
/Users/armandosoaressousa/git/syspromocity/src/main/java/br/ufc/great/syspromocity/controller/AccessControlController.java,br.ufc.great.syspromocity.controller.AccessControlController,setAuthoritiesService/1[br.ufc.great.syspromocity.service.AuthoritiesService],false,37,2,1,0,3,0,0,1,0,0,0,0,0,0,0,0,0,1,0,0,0,0,0,4,1,0,false
/Users/armandosoaressousa/git/syspromocity/src/main/java/br/ufc/great/syspromocity/controller/AccessControlController.java,br.ufc.great.syspromocity.controller.AccessControlController,index/1[br.ufc.great.syspromocity.controller.Model],false,57,6,1,6,9,1,1,1,6,1,1,0,0,0,0,6,0,1,0,0,0,0,0,12,1,0,true
/Users/armandosoaressousa/git/syspromocity/src/main/java/br/ufc/great/syspromocity/controller/AccessControlController.java,br.ufc.great.syspromocity.controller.AccessControlController,"edit/2[java.lang.Long,br.ufc.great.syspromocity.controller.Model]",false,94,5,1,5,7,1,0,2,5,0,0,0,0,0,0,6,0,0,0,0,0,0,0,10,1,0,true
/Users/armandosoaressousa/git/syspromocity/src/main/java/br/ufc/great/syspromocity/controller/UserController.java,br.ufc.great.syspromocity.controller.UserController,"edit/2[java.lang.Long,br.ufc.great.syspromocity.controller.Model]",false,135,6,1,8,11,1,1,2,8,1,1,0,0,0,0,8,0,1,0,0,0,0,0,11,1,0,true
/Users/armandosoaressousa/git/syspromocity/src/main/java/br/ufc/great/syspromocity/controller/UserController.java,br.ufc.great.syspromocity.controller.UserController,getAmountOfFriends/1[java.lang.Long],false,391,5,1,2,4,1,1,1,2,0,0,0,0,0,0,2,0,1,0,0,0,0,0,21,1,0,true
/Users/armandosoaressousa/git/syspromocity/src/main/java/br/ufc/great/syspromocity/controller/UserController.java,br.ufc.great.syspromocity.controller.UserController,"selectImage/2[java.lang.Long,br.ufc.great.syspromocity.controller.Model]",false,410,6,1,7,12,1,1,2,7,1,1,0,0,0,0,10,0,1,0,0,0,0,0,11,1,0,false
/Users/armandosoaressousa/git/syspromocity/src/main/java/br/ufc/great/syspromocity/controller/UserController.java,br.ufc.great.syspromocity.controller.UserController,"list/2[java.lang.Integer,br.ufc.great.syspromocity.controller.Model]",false,91,7,1,10,15,1,4,2,10,1,1,0,0,0,0,9,4,4,3,0,0,0,0,17,1,0,true
/Users/armandosoaressousa/git/syspromocity/src/main/java/br/ufc/great/syspromocity/controller/UserController.java,br.ufc.great.syspromocity.controller.UserController,"listCoupons/2[long,br.ufc.great.syspromocity.controller.Model]",false,264,7,1,7,10,1,1,2,7,1,1,0,0,0,0,7,0,1,0,0,0,0,0,14,1,0,true
/Users/armandosoaressousa/git/syspromocity/src/main/java/br/ufc/great/syspromocity/controller/UserController.java,br.ufc.great.syspromocity.controller.UserController,setUserService/1[br.ufc.great.syspromocity.service.UsersService],false,46,2,1,0,3,0,0,1,0,0,0,0,0,0,0,0,0,1,0,0,0,0,0,6,1,0,false
/Users/armandosoaressousa/git/syspromocity/src/main/java/br/ufc/great/syspromocity/controller/UserController.java,br.ufc.great.syspromocity.controller.UserController,getAmountOfCoupons/1[java.lang.Long],false,404,5,1,2,4,1,1,1,2,0,0,0,0,0,0,2,0,1,0,0,0,0,0,21,1,0,true
/Users/armandosoaressousa/git/syspromocity/src/main/java/br/ufc/great/syspromocity/controller/UserController.java,br.ufc.great.syspromocity.controller.UserController,index/1[br.ufc.great.syspromocity.controller.Model],false,71,5,1,6,9,1,1,1,6,1,1,0,0,0,0,6,0,1,0,0,0,0,0,7,1,0,true
/Users/armandosoaressousa/git/syspromocity/src/main/java/br/ufc/great/syspromocity/controller/UserController.java,br.ufc.great.syspromocity.controller.UserController,listAllUsers/1[br.ufc.great.syspromocity.controller.Model],false,283,5,1,6,9,1,1,1,6,1,1,0,0,0,0,6,0,1,0,0,0,0,0,12,1,0,true
/Users/armandosoaressousa/git/syspromocity/src/main/java/br/ufc/great/syspromocity/controller/UserController.java,br.ufc.great.syspromocity.controller.UserController,showRegistrationPage/1[br.ufc.great.syspromocity.controller.Model],false,435,3,1,1,4,1,0,1,1,0,0,0,0,0,0,3,0,0,0,0,0,0,0,12,1,0,true
/Users/armandosoaressousa/git/syspromocity/src/main/java/br/ufc/great/syspromocity/controller/UserController.java,br.ufc.great.syspromocity.controller.UserController,"saveEdited/5[br.ufc.great.syspromocity.model.Users,java.lang.String,java.lang.String,java.lang.String,br.ufc.great.syspromocity.controller.RedirectAttributes]",false,219,7,3,11,23,3,4,5,11,1,1,0,0,0,0,14,0,4,1,2,0,0,0,51,1,0,true
/Users/armandosoaressousa/git/syspromocity/src/main/java/br/ufc/great/syspromocity/controller/UserController.java,br.ufc.great.syspromocity.controller.UserController,"deleteFriend/4[long,long,br.ufc.great.syspromocity.controller.Model,br.ufc.great.syspromocity.controller.RedirectAttributes]",false,361,7,3,5,19,1,4,4,5,1,1,0,0,0,0,8,0,6,2,2,0,0,0,28,1,0,true
/Users/armandosoaressousa/git/syspromocity/src/main/java/br/ufc/great/syspromocity/controller/UserController.java,br.ufc.great.syspromocity.controller.UserController,"editProfile/2[java.lang.Long,br.ufc.great.syspromocity.controller.Model]",false,158,6,2,10,17,1,3,2,10,1,1,1,0,0,0,9,0,3,0,1,0,0,0,17,1,0,true
/Users/armandosoaressousa/git/syspromocity/src/main/java/br/ufc/great/syspromocity/controller/UserController.java,br.ufc.great.syspromocity.controller.UserController,"processRegistrationForm/6[br.ufc.great.syspromocity.controller.Model,br.ufc.great.syspromocity.model.Users,java.lang.String,java.lang.String,java.lang.String,br.ufc.great.syspromocity.controller.RedirectAttributes]",false,444,9,5,12,35,5,6,6,12,0,0,0,1,0,0,21,0,6,0,3,0,0,0,30,1,0,false
/Users/armandosoaressousa/git/syspromocity/src/main/java/br/ufc/great/syspromocity/controller/UserController.java,br.ufc.great.syspromocity.controller.UserController,delete/1[java.lang.Long],false,252,3,1,1,4,1,0,1,1,0,0,0,0,0,0,2,0,0,0,0,0,0,0,7,1,0,true
/Users/armandosoaressousa/git/syspromocity/src/main/java/br/ufc/great/syspromocity/controller/UserController.java,br.ufc.great.syspromocity.controller.UserController,"save/4[br.ufc.great.syspromocity.model.Users,java.lang.String,java.lang.String,br.ufc.great.syspromocity.controller.RedirectAttributes]",false,191,6,2,5,14,2,2,4,5,0,0,0,0,0,0,9,0,2,0,1,0,0,0,24,1,0,true
/Users/armandosoaressousa/git/syspromocity/src/main/java/br/ufc/great/syspromocity/controller/UserController.java,br.ufc.great.syspromocity.controller.UserController,checkUser/0,false,60,2,1,5,4,0,1,0,5,0,0,0,0,0,0,0,0,2,0,0,0,0,0,4,2,0,false
/Users/armandosoaressousa/git/syspromocity/src/main/java/br/ufc/great/syspromocity/controller/UserController.java,br.ufc.great.syspromocity.controller.UserController,"addFriend/4[long,long,br.ufc.great.syspromocity.controller.Model,br.ufc.great.syspromocity.controller.RedirectAttributes]",false,304,7,3,5,18,1,3,4,5,1,1,0,0,0,0,6,0,5,0,2,0,0,0,25,1,0,true
/Users/armandosoaressousa/git/syspromocity/src/main/java/br/ufc/great/syspromocity/controller/UserController.java,br.ufc.great.syspromocity.controller.UserController,setMyStoresService/1[br.ufc.great.syspromocity.service.MyStoresService],false,56,2,1,0,3,0,0,1,0,0,0,0,0,0,0,0,0,1,0,0,0,0,0,5,1,0,false
/Users/armandosoaressousa/git/syspromocity/src/main/java/br/ufc/great/syspromocity/controller/UserController.java,br.ufc.great.syspromocity.controller.UserController,"listFriends/2[long,br.ufc.great.syspromocity.controller.Model]",false,331,6,2,8,14,1,3,2,8,1,1,1,0,0,0,6,0,3,0,1,0,0,0,18,1,0,true
/Users/armandosoaressousa/git/syspromocity/src/main/java/br/ufc/great/syspromocity/controller/UserController.java,br.ufc.great.syspromocity.controller.UserController,setAuthoritiesService/1[br.ufc.great.syspromocity.service.AuthoritiesService],false,51,2,1,0,3,0,0,1,0,0,0,0,0,0,0,0,0,1,0,0,0,0,0,4,1,0,false
/Users/armandosoaressousa/git/syspromocity/src/main/java/br/ufc/great/syspromocity/controller/UserController.java,br.ufc.great.syspromocity.controller.UserController,add/1[br.ufc.great.syspromocity.controller.Model],false,116,4,1,5,8,1,0,1,5,1,1,0,0,0,0,6,0,0,0,0,0,0,0,13,1,0,true
/Users/armandosoaressousa/git/syspromocity/src/main/java/br/ufc/great/syspromocity/model/Authorities.java,br.ufc.great.syspromocity.model.Authorities,setUsername/1[java.lang.String],false,13,0,1,0,3,0,0,1,0,0,0,0,0,0,0,0,0,1,0,0,0,0,0,3,1,0,false
/Users/armandosoaressousa/git/syspromocity/src/main/java/br/ufc/great/syspromocity/model/Authorities.java,br.ufc.great.syspromocity.model.Authorities,setAuthority/1[java.lang.String],false,19,0,1,0,3,0,0,1,0,0,0,0,0,0,0,0,0,1,0,0,0,0,0,3,1,0,false
/Users/armandosoaressousa/git/syspromocity/src/main/java/br/ufc/great/syspromocity/model/Authorities.java,br.ufc.great.syspromocity.model.Authorities,getUsername/0,false,10,0,1,0,3,1,0,0,0,0,0,0,0,0,0,0,0,0,0,0,0,0,0,3,1,0,false
/Users/armandosoaressousa/git/syspromocity/src/main/java/br/ufc/great/syspromocity/model/Authorities.java,br.ufc.great.syspromocity.model.Authorities,getAuthority/0,false,16,0,1,0,3,1,0,0,0,0,0,0,0,0,0,0,0,0,0,0,0,0,0,3,1,0,false
/Users/armandosoaressousa/git/syspromocity/src/main/java/br/ufc/great/syspromocity/model/AbstractModel.java,br.ufc.great.syspromocity.model.AbstractModel,getId/0,false,22,1,1,0,3,1,0,0,0,0,0,0,0,0,0,0,0,0,0,0,0,0,0,3,1,0,false
/Users/armandosoaressousa/git/syspromocity/src/main/java/br/ufc/great/syspromocity/model/AbstractModel.java,br.ufc.great.syspromocity.model.AbstractModel,hashCode/0,false,31,0,2,1,6,1,2,0,1,0,0,0,1,0,2,0,3,3,2,0,0,0,0,6,1,0,false
/Users/armandosoaressousa/git/syspromocity/src/main/java/br/ufc/great/syspromocity/model/AbstractModel.java,br.ufc.great.syspromocity.model.AbstractModel,setId/1[Long],false,26,1,1,0,3,0,0,1,0,0,0,0,0,0,0,0,0,1,0,0,0,0,0,4,1,0,false
/Users/armandosoaressousa/git/syspromocity/src/main/java/br/ufc/great/syspromocity/model/AbstractModel.java,br.ufc.great.syspromocity.model.AbstractModel,equals/1[java.lang.Object],false,39,1,7,2,11,6,1,1,2,0,0,0,5,0,0,0,0,1,0,2,0,0,0,10,1,0,false
/Users/armandosoaressousa/git/syspromocity/src/main/java/br/ufc/great/syspromocity/model/Promotion.java,br.ufc.great.syspromocity.model.Promotion,getToDate/0,false,48,0,1,0,3,1,0,0,0,0,0,0,0,0,0,0,0,0,0,0,0,0,0,4,1,0,false
/Users/armandosoaressousa/git/syspromocity/src/main/java/br/ufc/great/syspromocity/model/Promotion.java,br.ufc.great.syspromocity.model.Promotion,"Promotion/3[java.lang.Long,java.lang.String,java.util.List<br.ufc.great.syspromocity.model.Coupon>]",true,24,1,1,0,5,0,0,3,0,0,0,0,0,0,0,0,0,2,0,0,0,0,0,5,1,0,false
/Users/armandosoaressousa/git/syspromocity/src/main/java/br/ufc/great/syspromocity/model/Promotion.java,br.ufc.great.syspromocity.model.Promotion,setCoupons/1[java.util.List<br.ufc.great.syspromocity.model.Coupon>],false,60,1,1,0,3,0,0,1,0,0,0,0,0,0,0,0,0,1,0,0,0,0,0,3,1,0,false
/Users/armandosoaressousa/git/syspromocity/src/main/java/br/ufc/great/syspromocity/model/Promotion.java,br.ufc.great.syspromocity.model.Promotion,setFromDate/1[java.util.Date],false,44,0,1,0,3,0,0,1,0,0,0,0,0,0,0,0,0,1,0,0,0,0,0,4,1,0,false
/Users/armandosoaressousa/git/syspromocity/src/main/java/br/ufc/great/syspromocity/model/Promotion.java,br.ufc.great.syspromocity.model.Promotion,Promotion/0,true,21,0,1,0,2,0,0,0,0,0,0,0,0,0,0,0,0,0,0,0,0,0,0,1,1,0,false
/Users/armandosoaressousa/git/syspromocity/src/main/java/br/ufc/great/syspromocity/model/Promotion.java,br.ufc.great.syspromocity.model.Promotion,setToDate/1[java.util.Date],false,52,0,1,0,3,0,0,1,0,0,0,0,0,0,0,0,0,1,0,0,0,0,0,4,1,0,false
/Users/armandosoaressousa/git/syspromocity/src/main/java/br/ufc/great/syspromocity/model/Promotion.java,br.ufc.great.syspromocity.model.Promotion,getCoupons/0,false,56,1,1,0,3,1,0,0,0,0,0,0,0,0,0,0,0,0,0,0,0,0,0,3,1,0,false
/Users/armandosoaressousa/git/syspromocity/src/main/java/br/ufc/great/syspromocity/model/Promotion.java,br.ufc.great.syspromocity.model.Promotion,getDescription/0,false,33,0,1,0,3,1,0,0,0,0,0,0,0,0,0,0,0,0,0,0,0,0,0,3,1,0,false
/Users/armandosoaressousa/git/syspromocity/src/main/java/br/ufc/great/syspromocity/model/Promotion.java,br.ufc.great.syspromocity.model.Promotion,setDescription/1[java.lang.String],false,36,0,1,0,3,0,0,1,0,0,0,0,0,0,0,0,0,1,0,0,0,0,0,3,1,0,false
/Users/armandosoaressousa/git/syspromocity/src/main/java/br/ufc/great/syspromocity/model/Promotion.java,br.ufc.great.syspromocity.model.Promotion,getId/0,false,30,0,1,1,3,1,0,0,1,0,0,0,0,0,0,0,0,0,0,0,0,0,0,3,1,0,false
/Users/armandosoaressousa/git/syspromocity/src/main/java/br/ufc/great/syspromocity/model/Promotion.java,br.ufc.great.syspromocity.model.Promotion,getFromDate/0,false,40,0,1,0,3,1,0,0,0,0,0,0,0,0,0,0,0,0,0,0,0,0,0,4,1,0,false
/Users/armandosoaressousa/git/syspromocity/src/main/java/br/ufc/great/syspromocity/model/Coupon.java,br.ufc.great.syspromocity.model.Coupon,isConsumed/0,false,88,0,1,0,3,1,0,0,0,0,0,0,0,0,0,0,0,0,0,0,0,0,0,3,1,0,false
/Users/armandosoaressousa/git/syspromocity/src/main/java/br/ufc/great/syspromocity/model/Coupon.java,br.ufc.great.syspromocity.model.Coupon,incrementUse/0,false,104,0,2,0,8,2,0,0,0,0,0,0,0,0,0,0,1,2,1,1,0,0,0,7,1,0,false
/Users/armandosoaressousa/git/syspromocity/src/main/java/br/ufc/great/syspromocity/model/Coupon.java,br.ufc.great.syspromocity.model.Coupon,isActivated/0,false,80,0,1,0,3,1,0,0,0,0,0,0,0,0,0,0,0,0,0,0,0,0,0,3,1,0,false
/Users/armandosoaressousa/git/syspromocity/src/main/java/br/ufc/great/syspromocity/model/Coupon.java,br.ufc.great.syspromocity.model.Coupon,getUsed/0,false,121,0,1,0,3,1,0,0,0,0,0,0,0,0,0,0,0,0,0,0,0,0,0,3,1,0,false
/Users/armandosoaressousa/git/syspromocity/src/main/java/br/ufc/great/syspromocity/model/Coupon.java,br.ufc.great.syspromocity.model.Coupon,isValidCoupon/0,false,130,1,4,3,10,1,1,0,3,3,1,0,0,0,0,0,0,3,0,1,0,0,0,15,1,0,true
/Users/armandosoaressousa/git/syspromocity/src/main/java/br/ufc/great/syspromocity/model/Coupon.java,br.ufc.great.syspromocity.model.Coupon,setDescription/1[java.lang.String],false,54,0,1,0,3,0,0,1,0,0,0,0,0,0,0,0,0,1,0,0,0,0,0,3,1,0,false
/Users/armandosoaressousa/git/syspromocity/src/main/java/br/ufc/great/syspromocity/model/Coupon.java,br.ufc.great.syspromocity.model.Coupon,setLimitedToUse/1[int],false,100,0,1,0,3,0,0,1,0,0,0,0,0,0,0,0,0,1,0,0,0,0,0,5,1,0,false
/Users/armandosoaressousa/git/syspromocity/src/main/java/br/ufc/great/syspromocity/model/Coupon.java,br.ufc.great.syspromocity.model.Coupon,setDiscount/1[float],false,68,0,1,0,3,0,0,1,0,0,0,0,0,0,0,0,0,1,0,0,0,0,0,3,1,0,false
/Users/armandosoaressousa/git/syspromocity/src/main/java/br/ufc/great/syspromocity/model/Coupon.java,br.ufc.great.syspromocity.model.Coupon,Coupon/0,true,36,0,1,0,5,0,0,0,0,0,0,0,0,0,0,0,0,3,0,0,0,0,0,2,1,0,false
/Users/armandosoaressousa/git/syspromocity/src/main/java/br/ufc/great/syspromocity/model/Coupon.java,br.ufc.great.syspromocity.model.Coupon,getId/0,false,48,0,1,1,3,1,0,0,1,0,0,0,0,0,0,0,0,0,0,0,0,0,0,3,1,0,false
/Users/armandosoaressousa/git/syspromocity/src/main/java/br/ufc/great/syspromocity/model/Coupon.java,br.ufc.great.syspromocity.model.Coupon,getDescription/0,false,51,0,1,0,3,1,0,0,0,0,0,0,0,0,0,0,0,0,0,0,0,0,0,3,1,0,false
/Users/armandosoaressousa/git/syspromocity/src/main/java/br/ufc/great/syspromocity/model/Coupon.java,br.ufc.great.syspromocity.model.Coupon,setConsumed/1[boolean],false,92,0,1,0,3,0,0,1,0,0,0,0,0,0,0,0,0,1,0,0,0,0,0,3,1,0,false
/Users/armandosoaressousa/git/syspromocity/src/main/java/br/ufc/great/syspromocity/model/Coupon.java,br.ufc.great.syspromocity.model.Coupon,getDiscount/0,false,64,0,1,0,3,1,0,0,0,0,0,0,0,0,0,0,0,0,0,0,0,0,0,3,1,0,false
/Users/armandosoaressousa/git/syspromocity/src/main/java/br/ufc/great/syspromocity/model/Coupon.java,br.ufc.great.syspromocity.model.Coupon,getUsers/0,false,72,1,1,0,3,1,0,0,0,0,0,0,0,0,0,0,0,0,0,0,0,0,0,3,1,0,false
/Users/armandosoaressousa/git/syspromocity/src/main/java/br/ufc/great/syspromocity/model/Coupon.java,br.ufc.great.syspromocity.model.Coupon,setUsers/1[java.util.List<br.ufc.great.syspromocity.model.Users>],false,76,1,1,0,3,0,0,1,0,0,0,0,0,0,0,0,0,1,0,0,0,0,0,3,1,0,false
/Users/armandosoaressousa/git/syspromocity/src/main/java/br/ufc/great/syspromocity/model/Coupon.java,br.ufc.great.syspromocity.model.Coupon,getLimitedToUse/0,false,96,0,1,0,3,1,0,0,0,0,0,0,0,0,0,0,0,0,0,0,0,0,0,5,1,0,false
/Users/armandosoaressousa/git/syspromocity/src/main/java/br/ufc/great/syspromocity/model/Coupon.java,br.ufc.great.syspromocity.model.Coupon,"Coupon/3[java.lang.Long,java.lang.String,java.lang.String]",true,42,0,1,0,5,0,0,3,0,0,0,0,0,0,0,0,0,2,0,0,0,0,0,5,1,0,false
/Users/armandosoaressousa/git/syspromocity/src/main/java/br/ufc/great/syspromocity/model/Coupon.java,br.ufc.great.syspromocity.model.Coupon,getQrCode/0,false,57,0,1,0,3,1,0,0,0,0,0,0,0,0,0,0,0,0,0,0,0,0,0,4,1,0,false
/Users/armandosoaressousa/git/syspromocity/src/main/java/br/ufc/great/syspromocity/model/Coupon.java,br.ufc.great.syspromocity.model.Coupon,setQrCode/1[java.lang.String],false,60,0,1,0,3,0,0,1,0,0,0,0,0,0,0,0,0,1,0,0,0,0,0,4,1,0,false
/Users/armandosoaressousa/git/syspromocity/src/main/java/br/ufc/great/syspromocity/model/Coupon.java,br.ufc.great.syspromocity.model.Coupon,isAwarded/0,false,113,0,1,0,3,1,0,0,0,0,0,0,0,0,0,0,0,0,0,0,0,0,0,3,1,0,false
/Users/armandosoaressousa/git/syspromocity/src/main/java/br/ufc/great/syspromocity/model/Coupon.java,br.ufc.great.syspromocity.model.Coupon,setAwarded/1[boolean],false,117,0,1,0,3,0,0,1,0,0,0,0,0,0,0,0,0,1,0,0,0,0,0,3,1,0,false
/Users/armandosoaressousa/git/syspromocity/src/main/java/br/ufc/great/syspromocity/model/Coupon.java,br.ufc.great.syspromocity.model.Coupon,setActivated/1[boolean],false,84,0,1,0,3,0,0,1,0,0,0,0,0,0,0,0,0,1,0,0,0,0,0,3,1,0,false
/Users/armandosoaressousa/git/syspromocity/src/main/java/br/ufc/great/syspromocity/model/Users.java,br.ufc.great.syspromocity.model.Users,addCoupon/1[br.ufc.great.syspromocity.model.Coupon],false,125,2,2,2,5,0,0,1,2,1,1,0,0,0,0,0,0,0,0,1,0,0,0,3,1,0,false
/Users/armandosoaressousa/git/syspromocity/src/main/java/br/ufc/great/syspromocity/model/Users.java,br.ufc.great.syspromocity.model.Users,alreadyFriend/1[br.ufc.great.syspromocity.model.Users],false,160,1,3,1,8,2,0,1,1,1,1,1,1,0,0,0,0,0,0,2,0,0,0,7,1,0,false
/Users/armandosoaressousa/git/syspromocity/src/main/java/br/ufc/great/syspromocity/model/Users.java,br.ufc.great.syspromocity.model.Users,setCompletename/1[java.lang.String],false,199,0,1,0,3,0,0,1,0,0,0,0,0,0,0,0,0,1,0,0,0,0,0,3,1,0,false
/Users/armandosoaressousa/git/syspromocity/src/main/java/br/ufc/great/syspromocity/model/Users.java,br.ufc.great.syspromocity.model.Users,alreadyCoupon/1[br.ufc.great.syspromocity.model.Coupon],false,203,1,3,1,8,2,0,1,1,0,0,1,1,0,0,0,0,0,0,2,0,0,0,6,1,0,false
/Users/armandosoaressousa/git/syspromocity/src/main/java/br/ufc/great/syspromocity/model/Users.java,br.ufc.great.syspromocity.model.Users,getUsername/0,false,85,0,1,0,3,1,0,0,0,0,0,0,0,0,0,0,0,0,0,0,0,0,0,3,1,0,false
/Users/armandosoaressousa/git/syspromocity/src/main/java/br/ufc/great/syspromocity/model/Users.java,br.ufc.great.syspromocity.model.Users,Users/0,true,55,1,1,0,3,0,0,0,0,0,0,0,0,0,0,0,0,1,0,0,0,0,0,1,1,0,false
/Users/armandosoaressousa/git/syspromocity/src/main/java/br/ufc/great/syspromocity/model/Users.java,br.ufc.great.syspromocity.model.Users,setIdFriendsList/1[java.util.List<br.ufc.great.syspromocity.model.Users>],false,143,1,1,0,3,0,0,1,0,0,0,0,0,0,0,0,0,1,0,0,0,0,0,11,1,0,true
/Users/armandosoaressousa/git/syspromocity/src/main/java/br/ufc/great/syspromocity/model/Users.java,br.ufc.great.syspromocity.model.Users,getId/0,false,79,0,1,1,5,1,1,0,1,0,0,0,0,0,0,0,0,1,0,0,0,0,0,4,1,0,false
/Users/armandosoaressousa/git/syspromocity/src/main/java/br/ufc/great/syspromocity/model/Users.java,br.ufc.great.syspromocity.model.Users,isEnabled/0,false,93,0,1,0,3,1,0,0,0,0,0,0,0,0,0,0,0,0,0,0,0,0,0,3,1,0,false
/Users/armandosoaressousa/git/syspromocity/src/main/java/br/ufc/great/syspromocity/model/Users.java,br.ufc.great.syspromocity.model.Users,getPassword/0,false,66,0,1,0,3,1,0,0,0,0,0,0,0,0,0,0,0,0,0,0,0,0,0,3,1,0,false
/Users/armandosoaressousa/git/syspromocity/src/main/java/br/ufc/great/syspromocity/model/Users.java,br.ufc.great.syspromocity.model.Users,getCompletename/0,false,195,0,1,0,3,1,0,0,0,0,0,0,0,0,0,0,0,0,0,0,0,0,0,3,1,0,false
/Users/armandosoaressousa/git/syspromocity/src/main/java/br/ufc/great/syspromocity/model/Users.java,br.ufc.great.syspromocity.model.Users,setLatitude/1[double],false,105,0,1,0,3,0,0,1,0,0,0,0,0,0,0,0,0,1,0,0,0,0,0,3,1,0,false
/Users/armandosoaressousa/git/syspromocity/src/main/java/br/ufc/great/syspromocity/model/Users.java,br.ufc.great.syspromocity.model.Users,getEmail/0,false,72,0,1,0,3,1,0,0,0,0,0,0,0,0,0,0,0,0,0,0,0,0,0,3,1,0,false
/Users/armandosoaressousa/git/syspromocity/src/main/java/br/ufc/great/syspromocity/model/Users.java,br.ufc.great.syspromocity.model.Users,addIdFriend/1[br.ufc.great.syspromocity.model.Users],false,151,1,2,2,9,2,0,1,2,1,2,0,0,0,0,0,0,0,0,1,0,0,0,13,1,0,true
/Users/armandosoaressousa/git/syspromocity/src/main/java/br/ufc/great/syspromocity/model/Users.java,br.ufc.great.syspromocity.model.Users,"Users/3[java.lang.String,java.lang.String,java.lang.String]",true,59,0,1,0,6,0,0,3,0,0,0,0,0,0,0,0,0,3,0,0,0,0,0,4,1,0,false
/Users/armandosoaressousa/git/syspromocity/src/main/java/br/ufc/great/syspromocity/model/Users.java,br.ufc.great.syspromocity.model.Users,setLongitude/1[double],false,113,0,1,0,3,0,0,1,0,0,0,0,0,0,0,0,0,1,0,0,0,0,0,3,1,0,false
/Users/armandosoaressousa/git/syspromocity/src/main/java/br/ufc/great/syspromocity/model/Users.java,br.ufc.great.syspromocity.model.Users,setCouponList/1[java.util.List<br.ufc.great.syspromocity.model.Coupon>],false,121,1,1,0,3,0,0,1,0,0,0,0,0,0,0,0,0,1,0,0,0,0,0,5,1,0,false
/Users/armandosoaressousa/git/syspromocity/src/main/java/br/ufc/great/syspromocity/model/Users.java,br.ufc.great.syspromocity.model.Users,getAmountOfFriends/0,false,191,1,1,2,3,1,0,0,2,1,1,0,0,0,0,0,0,0,0,0,0,0,0,4,1,0,false
/Users/armandosoaressousa/git/syspromocity/src/main/java/br/ufc/great/syspromocity/model/Users.java,br.ufc.great.syspromocity.model.Users,setEmail/1[java.lang.String],false,75,0,1,0,3,0,0,1,0,0,0,0,0,0,0,0,0,1,0,0,0,0,0,3,1,0,false
/Users/armandosoaressousa/git/syspromocity/src/main/java/br/ufc/great/syspromocity/model/Users.java,br.ufc.great.syspromocity.model.Users,getCouponList/0,false,117,1,1,0,3,1,0,0,0,0,0,0,0,0,0,0,0,0,0,0,0,0,0,4,1,0,false
/Users/armandosoaressousa/git/syspromocity/src/main/java/br/ufc/great/syspromocity/model/Users.java,br.ufc.great.syspromocity.model.Users,getLatitude/0,false,101,0,1,0,3,1,0,0,0,0,0,0,0,0,0,0,0,0,0,0,0,0,0,3,1,0,false
/Users/armandosoaressousa/git/syspromocity/src/main/java/br/ufc/great/syspromocity/model/Users.java,br.ufc.great.syspromocity.model.Users,setEnabled/1[boolean],false,97,0,1,0,3,0,0,1,0,0,0,0,0,0,0,0,0,1,0,0,0,0,0,3,1,0,false
/Users/armandosoaressousa/git/syspromocity/src/main/java/br/ufc/great/syspromocity/model/Users.java,br.ufc.great.syspromocity.model.Users,setUsername/1[java.lang.String],false,89,0,1,0,3,0,0,1,0,0,0,0,0,0,0,0,0,1,0,0,0,0,0,3,1,0,false
/Users/armandosoaressousa/git/syspromocity/src/main/java/br/ufc/great/syspromocity/model/Users.java,br.ufc.great.syspromocity.model.Users,getAmountOfCoupons/0,false,187,1,1,2,3,1,0,0,2,1,1,0,0,0,0,0,0,0,0,0,0,0,0,4,1,0,false
/Users/armandosoaressousa/git/syspromocity/src/main/java/br/ufc/great/syspromocity/model/Users.java,br.ufc.great.syspromocity.model.Users,getIdFriendsList/0,false,135,1,1,0,3,1,0,0,0,0,0,0,0,0,0,0,0,0,0,0,0,0,0,11,1,0,true
/Users/armandosoaressousa/git/syspromocity/src/main/java/br/ufc/great/syspromocity/model/Users.java,br.ufc.great.syspromocity.model.Users,getLongitude/0,false,109,0,1,0,3,1,0,0,0,0,0,0,0,0,0,0,0,0,0,0,0,0,0,3,1,0,false
/Users/armandosoaressousa/git/syspromocity/src/main/java/br/ufc/great/syspromocity/model/Users.java,br.ufc.great.syspromocity.model.Users,setPassword/1[java.lang.String],false,69,0,1,0,3,0,0,1,0,0,0,0,0,0,0,0,0,1,0,0,0,0,0,3,1,0,false
/Users/armandosoaressousa/git/syspromocity/src/main/java/br/ufc/great/syspromocity/model/Users.java,br.ufc.great.syspromocity.model.Users,deleteFriend/1[br.ufc.great.syspromocity.model.Users],false,170,1,3,5,13,1,4,1,5,2,1,1,1,0,0,0,1,5,0,2,0,0,0,12,1,0,false
/Users/armandosoaressousa/git/syspromocity/src/main/java/br/ufc/great/syspromocity/model/MyStores.java,br.ufc.great.syspromocity.model.MyStores,setUser/1[br.ufc.great.syspromocity.model.Users],false,21,1,1,0,3,0,0,1,0,0,0,0,0,0,0,0,0,1,0,0,0,0,0,4,1,0,false
/Users/armandosoaressousa/git/syspromocity/src/main/java/br/ufc/great/syspromocity/model/MyStores.java,br.ufc.great.syspromocity.model.MyStores,getUser/0,false,18,1,1,0,3,1,0,0,0,0,0,0,0,0,0,0,0,0,0,0,0,0,0,4,1,0,false
/Users/armandosoaressousa/git/syspromocity/src/main/java/br/ufc/great/syspromocity/model/MyStores.java,br.ufc.great.syspromocity.model.MyStores,getStoreList/0,false,24,1,1,0,3,1,0,0,0,0,0,0,0,0,0,0,0,0,0,0,0,0,0,4,1,0,false
/Users/armandosoaressousa/git/syspromocity/src/main/java/br/ufc/great/syspromocity/model/MyStores.java,br.ufc.great.syspromocity.model.MyStores,setStoreList/1[java.util.List<br.ufc.great.syspromocity.model.Store>],false,27,1,1,0,3,0,0,1,0,0,0,0,0,0,0,0,0,1,0,0,0,0,0,4,1,0,false
/Users/armandosoaressousa/git/syspromocity/src/main/java/br/ufc/great/syspromocity/model/MyStores.java,br.ufc.great.syspromocity.model.MyStores,addStore/1[br.ufc.great.syspromocity.model.Store],false,30,1,1,1,3,0,0,1,1,0,0,0,0,0,0,0,0,0,0,0,0,0,0,3,1,0,false
/Users/armandosoaressousa/git/syspromocity/src/main/java/br/ufc/great/syspromocity/model/Customers.java,br.ufc.great.syspromocity.model.Customers,getLastname/0,false,35,0,1,0,3,1,0,0,0,0,0,0,0,0,0,0,0,0,0,0,0,0,0,3,1,0,false
/Users/armandosoaressousa/git/syspromocity/src/main/java/br/ufc/great/syspromocity/model/Customers.java,br.ufc.great.syspromocity.model.Customers,getFirstname/0,false,27,0,1,0,3,1,0,0,0,0,0,0,0,0,0,0,0,0,0,0,0,0,0,3,1,0,false
/Users/armandosoaressousa/git/syspromocity/src/main/java/br/ufc/great/syspromocity/model/Customers.java,br.ufc.great.syspromocity.model.Customers,setLastname/1[java.lang.String],false,39,0,1,0,3,0,0,1,0,0,0,0,0,0,0,0,0,1,0,0,0,0,0,3,1,0,false
/Users/armandosoaressousa/git/syspromocity/src/main/java/br/ufc/great/syspromocity/model/Customers.java,br.ufc.great.syspromocity.model.Customers,getEmail/0,false,43,0,1,0,3,1,0,0,0,0,0,0,0,0,0,0,0,0,0,0,0,0,0,3,1,0,false
/Users/armandosoaressousa/git/syspromocity/src/main/java/br/ufc/great/syspromocity/model/Customers.java,br.ufc.great.syspromocity.model.Customers,setAddedDate/1[java.util.Date],false,55,0,1,0,3,0,0,1,0,0,0,0,0,0,0,0,0,1,0,0,0,0,0,4,1,0,false
/Users/armandosoaressousa/git/syspromocity/src/main/java/br/ufc/great/syspromocity/model/Customers.java,br.ufc.great.syspromocity.model.Customers,getAddedDate/0,false,51,0,1,0,3,1,0,0,0,0,0,0,0,0,0,0,0,0,0,0,0,0,0,4,1,0,false
/Users/armandosoaressousa/git/syspromocity/src/main/java/br/ufc/great/syspromocity/model/Customers.java,br.ufc.great.syspromocity.model.Customers,setEmail/1[java.lang.String],false,47,0,1,0,3,0,0,1,0,0,0,0,0,0,0,0,0,1,0,0,0,0,0,3,1,0,false
/Users/armandosoaressousa/git/syspromocity/src/main/java/br/ufc/great/syspromocity/model/Customers.java,br.ufc.great.syspromocity.model.Customers,setFirstname/1[java.lang.String],false,31,0,1,0,3,0,0,1,0,0,0,0,0,0,0,0,0,1,0,0,0,0,0,3,1,0,false
/Users/armandosoaressousa/git/syspromocity/src/main/java/br/ufc/great/syspromocity/model/Store.java,br.ufc.great.syspromocity.model.Store,getAddress/0,false,44,0,1,0,3,1,0,0,0,0,0,0,0,0,0,0,0,0,0,0,0,0,0,3,1,0,false
/Users/armandosoaressousa/git/syspromocity/src/main/java/br/ufc/great/syspromocity/model/Store.java,br.ufc.great.syspromocity.model.Store,getId/0,false,34,0,1,1,3,1,0,0,1,0,0,0,0,0,0,0,0,0,0,0,0,0,0,3,1,0,false
/Users/armandosoaressousa/git/syspromocity/src/main/java/br/ufc/great/syspromocity/model/Store.java,br.ufc.great.syspromocity.model.Store,setState/1[java.lang.String],false,59,0,1,0,3,0,0,1,0,0,0,0,0,0,0,0,0,1,0,0,0,0,0,3,1,0,false
/Users/armandosoaressousa/git/syspromocity/src/main/java/br/ufc/great/syspromocity/model/Store.java,br.ufc.great.syspromocity.model.Store,getLatitude/0,false,81,0,1,0,3,1,0,0,0,0,0,0,0,0,0,0,0,0,0,0,0,0,0,3,1,0,false
/Users/armandosoaressousa/git/syspromocity/src/main/java/br/ufc/great/syspromocity/model/Store.java,br.ufc.great.syspromocity.model.Store,getPromotionList/0,false,62,1,1,0,3,1,0,0,0,0,0,0,0,0,0,0,0,0,0,0,0,0,0,3,1,0,false
/Users/armandosoaressousa/git/syspromocity/src/main/java/br/ufc/great/syspromocity/model/Store.java,br.ufc.great.syspromocity.model.Store,Store/0,true,23,0,1,0,2,0,0,0,0,0,0,0,0,0,0,0,0,0,0,0,0,0,0,1,1,0,false
/Users/armandosoaressousa/git/syspromocity/src/main/java/br/ufc/great/syspromocity/model/Store.java,br.ufc.great.syspromocity.model.Store,"Store/4[java.lang.String,java.lang.String,java.lang.String,java.lang.String]",true,26,0,1,0,7,0,0,4,0,0,0,0,0,0,0,0,0,4,0,0,0,0,0,5,1,0,false
/Users/armandosoaressousa/git/syspromocity/src/main/java/br/ufc/great/syspromocity/model/Store.java,br.ufc.great.syspromocity.model.Store,setLatitude/1[double],false,85,0,1,0,3,0,0,1,0,0,0,0,0,0,0,0,0,1,0,0,0,0,0,3,1,0,false
/Users/armandosoaressousa/git/syspromocity/src/main/java/br/ufc/great/syspromocity/model/Store.java,br.ufc.great.syspromocity.model.Store,setLongitude/1[double],false,93,0,1,0,3,0,0,1,0,0,0,0,0,0,0,0,0,1,0,0,0,0,0,3,1,0,false
/Users/armandosoaressousa/git/syspromocity/src/main/java/br/ufc/great/syspromocity/model/Store.java,br.ufc.great.syspromocity.model.Store,getName/0,false,38,0,1,0,3,1,0,0,0,0,0,0,0,0,0,0,0,0,0,0,0,0,0,3,1,0,false
/Users/armandosoaressousa/git/syspromocity/src/main/java/br/ufc/great/syspromocity/model/Store.java,br.ufc.great.syspromocity.model.Store,getLongitude/0,false,89,0,1,0,3,1,0,0,0,0,0,0,0,0,0,0,0,0,0,0,0,0,0,3,1,0,false
/Users/armandosoaressousa/git/syspromocity/src/main/java/br/ufc/great/syspromocity/model/Store.java,br.ufc.great.syspromocity.model.Store,setName/1[java.lang.String],false,41,0,1,0,3,0,0,1,0,0,0,0,0,0,0,0,0,1,0,0,0,0,0,3,1,0,false
/Users/armandosoaressousa/git/syspromocity/src/main/java/br/ufc/great/syspromocity/model/Store.java,br.ufc.great.syspromocity.model.Store,getCity/0,false,50,0,1,0,3,1,0,0,0,0,0,0,0,0,0,0,0,0,0,0,0,0,0,3,1,0,false
/Users/armandosoaressousa/git/syspromocity/src/main/java/br/ufc/great/syspromocity/model/Store.java,br.ufc.great.syspromocity.model.Store,setPromotionList/1[java.util.List<br.ufc.great.syspromocity.model.Promotion>],false,65,1,1,0,3,0,0,1,0,0,0,0,0,0,0,0,0,1,0,0,0,0,0,4,1,0,false
/Users/armandosoaressousa/git/syspromocity/src/main/java/br/ufc/great/syspromocity/model/Store.java,br.ufc.great.syspromocity.model.Store,setRadius/1[double],false,77,0,1,0,3,0,0,1,0,0,0,0,0,0,0,0,0,1,0,0,0,0,0,3,1,0,false
/Users/armandosoaressousa/git/syspromocity/src/main/java/br/ufc/great/syspromocity/model/Store.java,br.ufc.great.syspromocity.model.Store,setAddress/1[java.lang.String],false,47,0,1,0,3,0,0,1,0,0,0,0,0,0,0,0,0,1,0,0,0,0,0,3,1,0,false
/Users/armandosoaressousa/git/syspromocity/src/main/java/br/ufc/great/syspromocity/model/Store.java,br.ufc.great.syspromocity.model.Store,setCity/1[java.lang.String],false,53,0,1,0,3,0,0,1,0,0,0,0,0,0,0,0,0,1,0,0,0,0,0,3,1,0,false
/Users/armandosoaressousa/git/syspromocity/src/main/java/br/ufc/great/syspromocity/model/Store.java,br.ufc.great.syspromocity.model.Store,getState/0,false,56,0,1,0,3,1,0,0,0,0,0,0,0,0,0,0,0,0,0,0,0,0,0,3,1,0,false
/Users/armandosoaressousa/git/syspromocity/src/main/java/br/ufc/great/syspromocity/model/Store.java,br.ufc.great.syspromocity.model.Store,getRadius/0,false,73,0,1,0,3,1,0,0,0,0,0,0,0,0,0,0,0,0,0,0,0,0,0,3,1,0,false
/Users/armandosoaressousa/git/syspromocity/src/main/java/br/ufc/great/syspromocity/model/Store.java,br.ufc.great.syspromocity.model.Store,addPromotion/1[br.ufc.great.syspromocity.model.Promotion],false,69,1,1,1,3,0,0,1,1,0,0,0,0,0,0,0,0,0,0,0,0,0,0,3,1,0,false
/Users/armandosoaressousa/git/syspromocity/src/main/java/br/ufc/great/syspromocity/service/PromotionsService.java,br.ufc.great.syspromocity.service.PromotionsService,getRepository/0,false,23,3,1,0,3,1,0,0,0,0,0,0,0,0,0,0,0,0,0,0,0,0,0,3,4,0,false
/Users/armandosoaressousa/git/syspromocity/src/main/java/br/ufc/great/syspromocity/service/UsersService.java,br.ufc.great.syspromocity.service.UsersService,getUserByUserName/1[java.lang.String],false,26,2,1,1,3,1,0,1,1,0,0,0,0,0,0,0,0,0,0,0,0,0,0,6,1,0,false
/Users/armandosoaressousa/git/syspromocity/src/main/java/br/ufc/great/syspromocity/service/UsersService.java,br.ufc.great.syspromocity.service.UsersService,getRepository/0,false,22,3,1,0,3,1,0,0,0,0,0,0,0,0,0,0,0,0,0,0,0,0,0,3,4,0,false
/Users/armandosoaressousa/git/syspromocity/src/main/java/br/ufc/great/syspromocity/service/AbstractService.java,br.ufc.great.syspromocity.service.AbstractService,getRepository/0,false,25,3,1,0,1,0,0,0,0,0,0,0,0,0,0,0,0,0,0,0,0,0,0,2,1028,0,false
/Users/armandosoaressousa/git/syspromocity/src/main/java/br/ufc/great/syspromocity/service/AbstractService.java,br.ufc.great.syspromocity.service.AbstractService,getList/1[java.lang.Integer],false,27,4,1,2,4,1,1,1,2,0,0,0,0,0,0,1,1,1,1,0,0,0,0,8,1,0,false
/Users/armandosoaressousa/git/syspromocity/src/main/java/br/ufc/great/syspromocity/service/AbstractService.java,br.ufc.great.syspromocity.service.AbstractService,get/1[Long],false,42,3,1,2,4,1,1,1,2,0,0,0,0,0,0,0,0,1,0,0,0,0,0,6,1,0,false
/Users/armandosoaressousa/git/syspromocity/src/main/java/br/ufc/great/syspromocity/service/AbstractService.java,br.ufc.great.syspromocity.service.AbstractService,delete/1[Long],false,47,2,2,2,7,0,0,1,2,0,0,0,0,1,0,0,0,0,0,1,0,0,0,11,1,0,false
/Users/armandosoaressousa/git/syspromocity/src/main/java/br/ufc/great/syspromocity/service/AbstractService.java,br.ufc.great.syspromocity.service.AbstractService,update/1[T],false,53,3,1,4,4,0,1,1,4,0,0,0,0,0,0,0,0,1,0,0,0,0,0,6,1,0,false
/Users/armandosoaressousa/git/syspromocity/src/main/java/br/ufc/great/syspromocity/service/AbstractService.java,br.ufc.great.syspromocity.service.AbstractService,getAll/0,false,34,2,1,2,3,1,0,0,2,0,0,0,0,0,0,0,0,0,0,0,0,0,0,3,1,0,false
/Users/armandosoaressousa/git/syspromocity/src/main/java/br/ufc/great/syspromocity/service/AbstractService.java,br.ufc.great.syspromocity.service.AbstractService,count/0,false,58,1,1,2,3,1,0,0,2,0,0,0,0,0,0,0,0,0,0,0,0,0,0,3,1,0,false
/Users/armandosoaressousa/git/syspromocity/src/main/java/br/ufc/great/syspromocity/service/AbstractService.java,br.ufc.great.syspromocity.service.AbstractService,save/1[T],false,38,2,1,2,3,1,0,1,2,0,0,0,0,0,0,0,0,0,0,0,0,0,0,5,1,0,false
/Users/armandosoaressousa/git/syspromocity/src/main/java/br/ufc/great/syspromocity/service/StoresService.java,br.ufc.great.syspromocity.service.StoresService,getRepository/0,false,23,3,1,0,3,1,0,0,0,0,0,0,0,0,0,0,0,0,0,0,0,0,0,3,4,0,false
/Users/armandosoaressousa/git/syspromocity/src/main/java/br/ufc/great/syspromocity/service/MyStoresService.java,br.ufc.great.syspromocity.service.MyStoresService,getMyStoresByUser/1[br.ufc.great.syspromocity.model.Users],false,22,3,1,1,3,1,0,1,1,0,0,0,0,0,0,0,0,0,0,0,0,0,0,7,1,0,false
/Users/armandosoaressousa/git/syspromocity/src/main/java/br/ufc/great/syspromocity/service/MyStoresService.java,br.ufc.great.syspromocity.service.MyStoresService,getRepository/0,false,18,3,1,0,3,1,0,0,0,0,0,0,0,0,0,0,0,0,0,0,0,0,0,4,4,0,false
/Users/armandosoaressousa/git/syspromocity/src/main/java/br/ufc/great/syspromocity/service/CustomersService.java,br.ufc.great.syspromocity.service.CustomersService,getRepository/0,false,22,3,1,0,3,1,0,0,0,0,0,0,0,0,0,0,0,0,0,0,0,0,0,3,4,0,false
/Users/armandosoaressousa/git/syspromocity/src/main/java/br/ufc/great/syspromocity/service/AuthoritiesService.java,br.ufc.great.syspromocity.service.AuthoritiesService,getRepository/0,false,18,3,1,0,3,1,0,0,0,0,0,0,0,0,0,0,0,0,0,0,0,0,0,3,4,0,false
/Users/armandosoaressousa/git/syspromocity/src/main/java/br/ufc/great/syspromocity/service/AuthoritiesService.java,br.ufc.great.syspromocity.service.AuthoritiesService,getListAll/0,false,26,1,1,1,3,1,0,0,1,0,0,0,0,0,0,0,0,0,0,0,0,0,0,7,1,0,true
/Users/armandosoaressousa/git/syspromocity/src/main/java/br/ufc/great/syspromocity/service/CouponsService.java,br.ufc.great.syspromocity.service.CouponsService,getRepository/0,false,24,3,1,0,3,1,0,0,0,0,0,0,0,0,0,0,0,0,0,0,0,0,0,3,4,0,false
/Users/armandosoaressousa/git/syspromocity/src/main/java/br/ufc/great/syspromocity/service/CouponsService.java,br.ufc.great.syspromocity.service.CouponsService,findByDescription/1[java.lang.String],false,33,2,1,1,3,1,0,1,1,0,0,0,0,0,0,0,0,0,0,0,0,0,0,15,1,0,true
/Users/armandosoaressousa/git/syspromocity/src/main/java/br/ufc/great/syspromocity/MvcConfig.java,br.ufc.great.syspromocity.MvcConfig,addViewControllers/1[br.ufc.great.syspromocity.ViewControllerRegistry],false,16,1,1,2,4,0,0,1,2,0,0,0,0,0,0,4,0,0,0,0,0,0,0,6,1,0,false
